City_ID,City,Country,Lat,Lng,Max Temp,Humidity,Cloudiness,Wind Speed,Current Description
0,Lorengau,PG,-2.0226,147.2712,80.58,78,100,3.33,light rain
1,Mataura,NZ,-46.1927,168.8643,45.48,80,100,7.52,overcast clouds
2,Saint-Pierre,RE,-21.3393,55.4781,66.9,77,0,10.36,clear sky
3,Saldanha,ZA,-33.0117,17.9442,53.65,79,0,1.21,clear sky
4,Dikson,RU,73.5069,80.5464,35.49,96,92,10.76,overcast clouds
5,Tuktoyaktuk,CA,69.4541,-133.0374,59.0,88,75,3.44,thunderstorm with light rain
6,Punta Arenas,CL,-53.15,-70.9167,30.22,96,20,4.61,few clouds
7,Mirnyy,RU,62.5353,113.9611,55.24,87,100,8.99,overcast clouds
8,Arraial Do Cabo,BR,-22.9661,-42.0278,80.56,65,0,13.8,clear sky
9,Saint-Philippe,RE,-21.3585,55.7679,65.79,78,65,10.65,broken clouds
10,Bambous Virieux,MU,-20.3428,57.7575,68.25,73,40,5.75,light rain
11,Wasilla,US,61.5814,-149.4394,71.53,58,0,5.01,clear sky
12,Victoria,HK,22.2855,114.1577,84.38,88,100,10.0,overcast clouds
13,Rikitea,PF,-23.1203,-134.9692,75.99,77,3,17.9,clear sky
14,Pisco,PE,-13.7,-76.2167,67.01,77,20,10.36,few clouds
15,Saint Pete Beach,US,27.7253,-82.7412,97.16,66,0,3.0,clear sky
16,Geraldton,AU,-28.7667,114.6,55.81,94,100,9.22,overcast clouds
17,Leningradskiy,RU,69.3833,178.4167,51.46,67,100,0.36,overcast clouds
18,Araouane,ML,18.9048,-3.5265,103.3,9,83,7.94,broken clouds
19,Aldan,RU,58.6031,125.3894,68.09,77,86,9.69,overcast clouds
20,Hermanus,ZA,-34.4187,19.2345,45.81,74,0,2.57,clear sky
21,Nanakuli,US,21.3906,-158.1547,80.55,74,100,9.22,light intensity drizzle
22,Qaanaaq,GL,77.484,-69.3632,46.9,49,83,1.23,broken clouds
23,Avarua,CK,-21.2078,-159.775,73.45,60,72,8.05,broken clouds
24,Codrington,AU,-38.2667,141.9667,39.99,94,14,7.27,few clouds
25,Bonthe,SL,7.5264,-12.505,77.68,79,12,6.58,few clouds
26,Ponta Do Sol,PT,32.6667,-17.1,74.01,72,12,1.9,few clouds
27,Hithadhoo,MV,-0.6,73.0833,82.67,71,18,5.7,very heavy rain
28,Puerto Ayora,EC,-0.7393,-90.3518,78.76,84,75,5.99,broken clouds
29,Bluff,NZ,-46.6,168.3333,45.81,66,82,21.94,broken clouds
30,Nanortalik,GL,60.1432,-45.2371,45.3,95,100,5.7,light rain
31,New Norfolk,AU,-42.7826,147.0587,44.92,88,99,2.04,overcast clouds
32,Vaini,TO,-21.2,-175.2,69.96,83,75,9.22,broken clouds
33,Ribeira Grande,PT,38.5167,-28.7,70.2,68,75,8.05,broken clouds
34,Minden,DE,52.2833,8.9167,68.99,68,82,7.45,broken clouds
35,Novyy Urengoy,RU,66.0833,76.6333,53.91,77,100,6.24,overcast clouds
36,Jamestown,US,42.097,-79.2353,77.02,80,100,17.27,overcast clouds
37,Mayo,US,38.8876,-76.5119,82.81,88,100,9.22,mist
38,Port Alfred,ZA,-33.5906,26.891,57.18,92,100,4.0,overcast clouds
39,Hobart,AU,-42.8794,147.3294,45.27,93,75,6.91,broken clouds
40,Cape Town,ZA,-33.9258,18.4232,61.38,83,0,1.99,clear sky
41,Cabo San Lucas,MX,22.8909,-109.9124,91.71,51,0,8.05,clear sky
42,Cherskiy,RU,68.75,161.3,57.7,89,100,9.31,moderate rain
43,Den Chai,TH,17.9837,100.0522,74.8,98,100,1.9,moderate rain
44,Albany,US,42.6001,-73.9662,75.38,83,100,5.53,light rain
45,Pevek,RU,69.7008,170.3133,45.72,73,100,19.8,overcast clouds
46,Vestmannaeyjar,IS,63.4427,-20.2734,50.99,100,100,19.57,moderate rain
47,Senanga,ZM,-16.1167,23.2667,59.67,43,5,5.86,clear sky
48,Mar Del Plata,AR,-38.0023,-57.5575,57.22,33,0,9.22,clear sky
49,Ushuaia,AR,-54.8,-68.3,35.26,75,20,0.0,few clouds
50,Khatanga,RU,71.9667,102.5,54.03,54,100,4.41,overcast clouds
51,Souillac,MU,-20.5167,57.5167,68.38,73,40,5.75,scattered clouds
52,Henties Bay,NA,-22.116,14.2845,56.44,80,0,11.25,clear sky
53,Bobo Dioulasso,BF,11.1771,-4.2979,81.05,74,20,2.3,few clouds
54,Te Anau,NZ,-45.4167,167.7167,34.02,90,5,1.1,clear sky
55,San Roque,ES,36.2107,-5.3842,76.03,53,0,17.27,clear sky
56,Mehamn,NO,71.0357,27.8492,58.95,94,0,2.3,clear sky
57,Pirovskoye,RU,57.6267,92.2658,59.5,75,62,7.29,broken clouds
58,Rosetta,EG,31.4044,30.4164,77.0,69,0,11.83,clear sky
59,Harper,LR,4.375,-7.7169,77.25,80,53,10.67,broken clouds
60,Tanete,ID,-3.9443,119.7848,73.67,95,96,4.25,overcast clouds
61,Kalmunai,LK,7.4167,81.8167,82.24,62,100,8.28,overcast clouds
62,Longyearbyen,SJ,78.2186,15.6401,44.44,76,75,5.75,broken clouds
63,Berlevag,NO,70.8578,29.0864,60.6,93,100,10.36,overcast clouds
64,Asau,RO,46.4333,26.4,74.32,62,0,4.85,clear sky
65,Kahului,US,20.8947,-156.47,82.42,67,40,17.27,scattered clouds
66,Beringovskiy,RU,63.05,179.3167,47.77,85,100,2.82,overcast clouds
67,Lavrentiya,RU,65.5833,-171.0,45.1,94,100,7.67,overcast clouds
68,Thanh Hoa,VN,19.8,105.7667,79.48,95,100,4.47,moderate rain
69,Nikolskoye,RU,59.7035,30.7861,66.09,81,65,4.72,broken clouds
70,Katra,IN,32.9833,74.95,79.66,78,63,5.64,broken clouds
71,Mezen,RU,65.8522,44.24,62.92,93,100,6.35,light rain
72,Yaan,NG,7.3833,8.5667,73.98,89,42,4.38,scattered clouds
73,Barrow,US,71.2906,-156.7887,42.82,81,100,3.44,overcast clouds
74,Salalah,OM,17.0151,54.0924,80.69,89,100,5.75,overcast clouds
75,Natal,BR,-5.795,-35.2094,84.42,65,20,13.8,few clouds
76,Shubarkuduk,KZ,49.1447,56.4872,59.74,72,27,12.21,scattered clouds
77,San Policarpo,PH,12.1791,125.5072,77.77,89,91,4.83,overcast clouds
78,Bethel,US,41.3712,-73.414,78.67,67,100,7.99,overcast clouds
79,Mount Isa,AU,-20.7333,139.5,47.97,66,97,6.91,overcast clouds
80,Airai,TL,-8.9266,125.4092,52.65,91,100,2.71,overcast clouds
81,Kapaa,US,22.0752,-159.319,82.38,70,100,16.11,overcast clouds
82,Karratha,AU,-20.7377,116.8463,59.2,23,3,11.72,clear sky
83,Atar,MR,20.5169,-13.0499,101.68,16,97,20.07,overcast clouds
84,Castro,BR,-24.7911,-50.0119,64.81,65,61,3.47,broken clouds
85,Amahai,ID,-3.3333,128.9167,77.09,85,97,4.88,overcast clouds
86,Bjorkelangen,NO,59.8848,11.5694,63.39,66,100,6.13,overcast clouds
87,Malazgirt,TR,39.1427,42.5401,60.53,49,0,5.14,clear sky
88,Labuan,MY,5.2767,115.2417,77.36,100,20,2.3,few clouds
89,Bafut,CM,6.0833,10.1,63.82,96,89,1.41,moderate rain
90,Sabha,LY,27.0377,14.4283,87.73,25,0,9.6,clear sky
91,Luderitz,NA,-26.6481,15.1594,56.66,59,0,12.59,clear sky
92,Ostersund,SE,63.1792,14.6357,53.62,76,75,9.22,broken clouds
93,Bredasdorp,ZA,-34.5322,20.0403,52.18,78,75,2.06,broken clouds
94,Sepolno Krajenskie,PL,53.452,17.5317,66.74,61,100,6.22,overcast clouds
95,Koumac,NC,-20.5667,164.2833,73.62,84,100,5.26,overcast clouds
96,Olafsvik,IS,64.8945,-23.7142,52.9,76,100,10.16,overcast clouds
97,Busselton,AU,-33.65,115.3333,52.93,62,96,10.27,overcast clouds
98,Faanui,PF,-16.4833,-151.75,79.63,74,9,15.84,clear sky
99,Gelemso,ET,8.8167,40.5167,66.69,47,17,4.03,few clouds
100,Praia,CV,14.9215,-23.5087,81.14,65,20,13.8,few clouds
101,Puerto Colombia,CO,10.9878,-74.9547,82.35,81,100,12.53,overcast clouds
102,Sisimiut,GL,66.9395,-53.6735,44.26,94,99,2.68,light rain
103,Sao Filipe,CV,14.8961,-24.4956,75.24,84,44,6.67,scattered clouds
104,Holme,DK,56.1138,10.1725,58.57,79,40,11.18,scattered clouds
105,Becov,CZ,50.4497,13.7178,69.73,55,91,5.03,overcast clouds
106,Khani,GE,41.9563,42.9566,62.17,91,64,2.77,broken clouds
107,Dajal,PK,29.5577,70.3762,99.45,41,82,2.84,broken clouds
108,Provideniya,RU,64.3833,-173.3,46.72,94,100,7.0,overcast clouds
109,High Level,CA,58.5169,-117.136,75.31,38,20,4.61,few clouds
110,Saskylakh,RU,71.9167,114.0833,47.71,91,93,4.92,overcast clouds
111,Huarmey,PE,-10.0681,-78.1522,68.05,70,5,11.1,clear sky
112,Yellowknife,CA,62.456,-114.3525,73.92,28,0,10.36,smoke
113,Lebu,CL,-37.6167,-73.65,51.62,88,100,13.49,overcast clouds
114,La Asuncion,VE,11.0333,-63.8628,85.73,70,75,17.27,broken clouds
115,Machico,PT,32.7,-16.7667,74.01,74,40,8.05,scattered clouds
116,Ambulu,ID,-8.345,113.6058,75.38,91,100,4.27,overcast clouds
117,Agadir,MA,30.4202,-9.5982,73.85,70,1,4.74,clear sky
118,Aksehir,TR,38.3575,31.4164,65.1,31,0,4.09,clear sky
119,Noumea,NC,-22.2763,166.4572,73.99,99,100,7.58,overcast clouds
120,Atuona,PF,-9.8,-139.0333,77.7,72,35,26.84,scattered clouds
121,Okulovka,RU,58.4008,33.2908,62.15,90,47,4.05,scattered clouds
122,Zyryanka,RU,65.75,150.85,60.4,66,100,19.62,overcast clouds
123,Srednekolymsk,RU,67.45,153.6833,54.21,67,98,15.43,overcast clouds
124,Alice Springs,AU,-23.7,133.8833,27.95,80,0,6.91,clear sky
125,Talnakh,RU,69.4865,88.3972,52.21,55,100,2.98,overcast clouds
126,Ulladulla,AU,-35.35,150.4667,55.76,83,98,7.96,overcast clouds
127,Luganville,VU,-15.5333,167.1667,78.22,88,63,12.19,broken clouds
128,Hudiksvall,SE,61.729,17.1036,57.56,69,23,2.48,few clouds
129,Strezhevoy,RU,60.7333,77.5889,53.71,68,100,8.3,overcast clouds
130,Udachnyy,RU,66.4167,112.4,57.45,87,99,5.84,light rain
131,Dingle,PH,10.9995,122.6711,76.01,90,94,1.54,overcast clouds
132,Buta,CD,2.7858,24.73,69.8,96,87,1.21,overcast clouds
133,Sambava,MG,-14.2667,50.1667,69.51,81,46,9.93,light rain
134,Khorramshahr,IR,30.4397,48.1664,100.36,16,0,9.22,clear sky
135,Buraydah,SA,26.326,43.975,93.65,16,1,10.4,clear sky
136,Esperance,AU,-33.8667,121.9,53.44,78,100,9.44,overcast clouds
137,Palora,EC,-1.7,-77.9333,69.91,79,94,0.72,overcast clouds
138,Butaritari,KI,3.0707,172.7902,82.72,77,41,22.44,scattered clouds
139,Pangnirtung,CA,66.1451,-65.7125,46.4,76,75,14.97,broken clouds
140,Hilo,US,19.7297,-155.09,87.28,75,75,6.91,light rain
141,Canete,CL,-37.8,-73.4,50.5,91,100,7.38,overcast clouds
142,Oussouye,SN,12.485,-16.5469,84.38,79,100,8.23,overcast clouds
143,Severo-Kurilsk,RU,50.6789,156.125,52.39,75,8,8.08,clear sky
144,Suntar,RU,62.1444,117.6319,57.72,97,100,10.54,light rain
145,Katsuura,JP,35.1333,140.3,74.48,95,100,4.18,overcast clouds
146,Aranos,NA,-24.1333,19.1167,57.63,34,0,10.27,clear sky
147,La Paz,BO,-16.5,-68.15,64.38,13,40,2.3,scattered clouds
148,Mokhsogollokh,RU,61.4681,128.9203,72.12,74,0,3.98,clear sky
149,Saint-Augustin,CA,51.226,-58.6502,66.2,39,100,18.57,overcast clouds
150,Saint Anthony,US,45.0205,-93.218,88.66,66,0,9.22,clear sky
151,Georgetown,MY,5.4112,100.3354,81.9,90,20,0.0,few clouds
152,Matadi,CD,-5.8167,13.45,73.54,74,97,6.22,overcast clouds
153,Birjand,IR,32.8663,59.2211,73.87,23,89,9.22,overcast clouds
154,Kruisfontein,ZA,-34.0033,24.7314,56.88,93,100,3.83,light rain
155,Klaksvik,FO,62.2266,-6.589,50.92,94,100,8.08,overcast clouds
156,Yulara,AU,-25.2406,130.9889,40.14,41,0,5.59,clear sky
157,Rawson,AR,-43.3002,-65.1023,54.64,32,0,26.66,clear sky
158,Thompson,CA,55.7435,-97.8558,69.96,32,40,5.75,scattered clouds
159,Cockburn Town,TC,21.4612,-71.1419,81.7,76,1,17.09,clear sky
160,Hasaki,JP,35.7333,140.8333,73.8,97,100,20.27,overcast clouds
161,Tuy Hoa,VN,13.0833,109.3,80.71,79,43,7.65,scattered clouds
162,Zatoka,UA,46.0725,30.4654,74.84,62,0,8.5,clear sky
163,Gamba,GA,-2.65,10.0,69.73,87,46,6.73,scattered clouds
164,Chokurdakh,RU,70.6333,147.9167,42.57,64,100,15.3,overcast clouds
165,Cap-Aux-Meules,CA,47.3821,-61.8597,68.05,52,20,18.41,few clouds
166,Flinders,AU,-34.5833,150.8552,56.17,87,100,1.99,light rain
167,Edson,CA,53.5835,-116.4356,53.74,100,100,8.05,overcast clouds
168,Heihe,CN,50.2441,127.4902,70.38,93,5,4.63,clear sky
169,Vardo,NO,70.3705,31.1107,51.78,93,75,1.14,broken clouds
170,East London,ZA,-33.0153,27.9116,65.16,62,100,16.02,overcast clouds
171,Kibondo,TZ,-3.5864,30.7203,62.19,43,2,2.13,clear sky
172,Teshie,GH,5.5836,-0.1072,77.63,83,37,9.6,scattered clouds
173,Eregli,TR,37.5133,34.0467,68.41,36,0,2.59,clear sky
174,Coevorden,NL,52.661,6.7405,62.71,67,44,7.9,scattered clouds
175,Nome,US,64.5011,-165.4064,51.87,82,100,9.22,overcast clouds
176,Kieta,PG,-6.2167,155.6333,78.96,81,100,2.04,overcast clouds
177,Ingraj Bazar,IN,25.0,88.15,84.74,73,53,9.57,broken clouds
178,Portland,US,45.5234,-122.6762,71.64,73,75,10.36,broken clouds
179,Along,IN,28.1667,94.7667,77.5,98,10,1.25,clear sky
180,Maragogi,BR,-9.0122,-35.2225,74.79,86,9,12.19,clear sky
181,Lasa,IT,46.6166,10.7002,68.88,87,17,6.2,few clouds
182,Acarau,BR,-2.8856,-40.12,79.14,69,100,11.25,overcast clouds
183,Urucara,BR,-2.5364,-57.76,84.43,68,59,3.71,broken clouds
184,Kyshtovka,RU,56.555,76.6271,56.84,98,95,8.95,overcast clouds
185,Mazamari,PE,-11.3258,-74.5308,90.59,33,37,1.52,scattered clouds
186,Galveston,US,29.3669,-94.9669,97.18,64,0,10.36,clear sky
187,Upernavik,GL,72.7868,-56.1549,40.12,86,45,8.37,scattered clouds
188,Ormara,PK,25.2088,64.6357,85.44,81,99,5.21,light rain
189,Eau Claire,US,44.8114,-91.4985,87.93,69,40,8.01,scattered clouds
190,Westport,US,41.1415,-73.3579,79.93,66,20,13.8,light rain
191,Puerto Escondido,MX,15.85,-97.0667,86.83,58,40,5.75,scattered clouds
192,Morant Bay,JM,17.8815,-76.4093,89.71,69,22,11.43,few clouds
193,Dangara,IN,29.6799,75.8931,94.69,48,100,11.27,overcast clouds
194,Pemberton,CA,50.3164,-122.8027,67.69,46,54,2.77,broken clouds
195,Quelimane,MZ,-17.8786,36.8883,65.98,84,34,4.25,scattered clouds
196,Tianpeng,CN,30.9866,103.9393,82.72,52,0,6.87,clear sky
197,Palmer,US,42.1584,-72.3287,79.25,69,100,5.75,overcast clouds
198,Auki,SB,-8.7676,160.7034,79.47,76,100,6.89,overcast clouds
199,Madiun,ID,-7.6298,111.5239,74.43,92,51,3.33,broken clouds
200,Bilibino,RU,68.0546,166.4372,58.48,61,100,5.7,overcast clouds
201,Umea,SE,63.8284,20.2597,61.92,67,0,5.75,clear sky
202,Ayan,RU,56.45,138.1667,59.52,85,2,2.42,clear sky
203,Oktyabrskoye,RU,43.0645,44.7417,69.94,73,60,2.24,broken clouds
204,Kindu,CD,-2.95,25.95,73.13,41,2,2.64,clear sky
205,Coaticook,CA,45.1334,-71.7991,67.77,97,100,4.41,overcast clouds
206,Joshimath,IN,30.5667,79.5667,74.68,92,85,2.15,overcast clouds
207,Vila Velha,BR,-20.3297,-40.2925,78.75,77,20,14.97,few clouds
208,Dedougou,BF,12.4667,-3.4667,89.78,39,100,4.5,overcast clouds
209,Paulo Afonso,BR,-9.4061,-38.2147,75.49,78,75,8.05,broken clouds
210,Isoka,ZM,-10.1606,32.6335,54.27,72,3,1.32,clear sky
211,Naze,JP,28.3667,129.4833,76.12,89,32,12.84,scattered clouds
212,Tuatapere,NZ,-46.1333,167.6833,42.46,80,85,7.94,light rain
213,Marche-En-Famenne,BE,50.2,5.3333,64.49,62,4,9.42,clear sky
214,Grand Gaube,MU,-20.0064,57.6608,68.4,74,74,3.0,broken clouds
215,Katobu,ID,-4.9408,122.5276,72.99,94,100,4.16,overcast clouds
216,Saint-Leu,RE,-21.15,55.2833,67.03,75,96,7.58,overcast clouds
217,Svetlogorsk,BY,52.6333,29.7333,66.83,89,90,4.52,overcast clouds
218,Sur,OM,22.5667,59.5289,86.05,77,100,3.04,overcast clouds
219,Makakilo City,US,21.3469,-158.0858,79.12,74,100,13.8,light intensity drizzle
220,Gabu,GW,12.2833,-14.2167,77.16,89,95,5.35,overcast clouds
221,Benghazi,LY,32.1167,20.0667,80.19,82,0,10.76,clear sky
222,Saint-Francois,FR,46.4154,3.9054,74.64,46,0,8.05,clear sky
223,Port Elizabeth,ZA,-33.918,25.5701,59.31,99,100,11.5,light rain
224,Kargil,IN,34.5667,76.1,63.95,56,58,5.44,broken clouds
225,Dabwali,IN,29.95,74.7333,97.05,46,99,5.32,overcast clouds
226,Bumba,CD,2.1833,22.4667,72.23,94,59,2.46,light rain
227,Birakan,RU,49.0167,131.7,65.26,98,45,2.1,scattered clouds
228,Waddan,LY,29.1614,16.139,85.98,33,0,15.79,clear sky
229,Faya,SA,18.3851,42.4509,71.71,44,61,5.08,broken clouds
230,Waitati,NZ,-45.75,170.5667,45.81,63,69,11.86,broken clouds
231,Sibolga,ID,1.7427,98.7792,78.58,79,99,2.68,overcast clouds
232,Adrar,MR,20.5022,-10.0711,104.86,8,73,8.93,broken clouds
233,Brae,GB,60.3964,-1.353,52.02,85,89,16.13,overcast clouds
234,Chaozhou,CN,23.6651,116.6379,76.86,98,100,1.52,overcast clouds
235,Homer,US,59.6425,-151.5483,64.78,76,0,11.5,clear sky
236,Narsaq,GL,60.9167,-46.05,55.62,98,100,3.38,moderate rain
237,Uyuni,BO,-20.4597,-66.825,54.0,19,65,12.62,broken clouds
238,Hami,CN,42.8,93.45,81.9,27,0,20.47,clear sky
239,Kendari,ID,-3.945,122.4989,73.58,94,100,1.97,overcast clouds
240,Sistranda,NO,63.7256,8.834,49.96,74,100,28.59,overcast clouds
241,Le Port,RE,-20.9373,55.2919,67.96,78,98,4.5,overcast clouds
242,Namtsy,RU,62.7161,129.6658,70.88,87,5,5.03,clear sky
243,Kodiak,US,57.79,-152.4072,62.11,72,0,4.61,clear sky
244,Dobson,US,36.3957,-80.7226,88.81,67,84,1.74,light rain
245,Vanavara,RU,60.34,102.2797,58.78,73,100,4.34,overcast clouds
246,Acapulco,MX,16.8634,-99.8901,85.82,70,75,5.75,broken clouds
247,Stantsionno-Oyashinskiy,RU,55.4664,83.8245,57.25,97,100,8.63,light rain
248,Ahuimanu,US,21.4447,-157.8378,80.31,88,75,13.8,moderate rain
249,Saint George,US,37.1041,-113.5841,99.63,17,0,11.01,clear sky
250,Kiama,AU,-34.6833,150.8667,60.01,89,100,1.01,overcast clouds
251,Cabinda,AO,-5.55,12.2,71.74,88,40,4.61,scattered clouds
252,Claremore,US,36.3126,-95.6161,101.34,48,0,7.0,clear sky
253,Porto Santo,PT,33.072,-16.3415,68.38,68,75,13.8,broken clouds
254,Flin Flon,CA,54.7682,-101.865,69.64,37,75,6.91,broken clouds
255,Marystown,CA,47.1666,-55.1483,62.35,63,9,16.82,clear sky
256,Bongandanga,CD,1.5,21.05,69.35,90,99,2.55,light rain
257,Camacha,PT,33.0833,-16.3333,65.62,68,75,13.8,broken clouds
258,Kalulushi,ZM,-12.8378,28.0919,56.52,71,0,4.92,clear sky
259,Vila,PT,42.0304,-8.1588,67.08,81,83,4.92,light rain
260,Isla Vista,US,34.4133,-119.861,85.39,67,0,5.75,clear sky
261,Kildare,IE,53.1561,-6.9144,64.38,85,100,7.45,overcast clouds
262,San Patricio,US,28.017,-97.5169,98.17,44,99,17.78,overcast clouds
263,Skagen,DK,57.7209,10.5839,59.27,73,97,25.3,overcast clouds
264,Nizwa,OM,22.9333,57.5333,82.4,67,100,14.29,moderate rain
265,Omsukchan,RU,62.5333,155.8,50.76,88,100,4.45,overcast clouds
266,Terra Santa,BR,-2.1042,-56.4869,85.71,61,78,2.75,broken clouds
267,Cidreira,BR,-30.1811,-50.2056,62.8,93,100,10.25,overcast clouds
268,Carnarvon,AU,-24.8667,113.6333,63.1,48,0,10.16,clear sky
269,Patan,NP,27.6667,85.3333,73.78,94,40,2.3,scattered clouds
270,Carutapera,BR,-1.195,-46.02,78.42,88,32,7.0,scattered clouds
271,Constitucion,CL,-35.3333,-72.4167,53.08,70,78,7.38,broken clouds
272,Zhuanghe,CN,39.7008,122.9911,71.08,86,100,4.74,overcast clouds
273,Brokopondo,SR,4.75,-55.1667,83.86,67,56,4.29,broken clouds
274,Kedrovyy,RU,56.1667,91.8167,52.21,79,100,6.08,overcast clouds
275,Capaci,IT,38.1711,13.2393,91.94,47,0,4.61,clear sky
276,Zaysan,KZ,47.4667,84.8667,64.2,56,96,10.89,overcast clouds
277,Gushikawa,JP,26.3544,127.8686,79.83,94,75,6.91,broken clouds
278,Yelniki,RU,54.6207,43.876,55.26,80,29,7.07,scattered clouds
279,Muros,ES,42.7762,-9.0603,74.08,62,0,12.59,clear sky
280,Los Llanos De Aridane,ES,28.6585,-17.9182,69.12,82,75,17.27,broken clouds
281,Chuy,UY,-33.6971,-53.4616,55.67,87,66,9.51,broken clouds
282,Coihaique,CL,-45.5752,-72.0662,37.35,93,75,6.91,light rain
283,Markova,UA,48.6758,24.4138,62.24,96,66,2.93,light rain
284,San Francisco,US,37.7749,-122.4194,81.99,84,75,17.27,broken clouds
285,Hay River,CA,60.8156,-115.7999,71.58,37,20,12.66,smoke
286,Maumere,ID,-8.6199,122.2111,76.41,71,75,12.95,broken clouds
287,Dunedin,NZ,-45.8742,170.5036,45.81,63,89,15.01,overcast clouds
288,Cimarron Hills,US,38.8586,-104.6989,91.22,28,75,9.22,thunderstorm
289,Wanaka,NZ,-44.7,169.15,34.11,82,40,3.0,scattered clouds
290,Padre Bernardo,BR,-15.35,-48.5,81.3,27,0,5.66,clear sky
291,Hirara,JP,24.8,125.2833,83.73,79,17,18.01,few clouds
292,Yar-Sale,RU,66.8333,70.8333,52.47,96,90,5.77,overcast clouds
293,Lazaro Cardenas,MX,17.9583,-102.2,85.41,70,41,11.12,scattered clouds
294,Babstovo,RU,48.1167,132.4833,69.03,94,43,3.58,scattered clouds
295,Pizarro,CO,4.9533,-77.366,79.21,86,72,8.01,light rain
296,Mettur,IN,11.8,77.8,75.43,89,100,3.53,overcast clouds
297,Petropavlovsk-Kamchatskiy,RU,53.0452,158.6483,52.39,100,100,2.24,overcast clouds
298,Ust-Ordynskiy,RU,52.805,104.7508,52.0,92,100,1.9,overcast clouds
299,Uthal,PK,25.8072,66.6219,88.9,71,99,4.16,overcast clouds
300,Rio Grande,BR,-32.035,-52.0986,57.31,94,99,4.94,light rain
301,Kaitangata,NZ,-46.2817,169.8464,45.55,73,63,13.4,broken clouds
302,Miraflores,MX,19.2167,-98.8083,76.03,57,96,5.17,overcast clouds
303,Oistins,BB,13.0667,-59.5333,86.09,70,20,14.97,few clouds
304,Klyuchi,RU,52.2667,79.1667,61.34,77,100,15.7,overcast clouds
305,Neyshabur,IR,36.2133,58.7958,70.12,34,0,4.9,clear sky
306,Havelock,US,34.8791,-76.9013,89.58,81,100,8.05,overcast clouds
307,Verkhoyansk,RU,67.5447,133.385,49.24,67,100,7.4,overcast clouds
308,Mao,ES,39.8885,4.2658,77.56,73,0,11.5,clear sky
309,Mackay,AU,-21.15,149.2,47.68,81,3,5.91,clear sky
310,Hambantota,LK,6.1241,81.1185,79.7,79,100,16.75,overcast clouds
311,Haapiti,PF,-17.5667,-149.8667,82.13,72,63,18.72,broken clouds
312,Nantucket,US,41.2835,-70.0995,73.54,83,20,16.11,few clouds
313,Mingguang,CN,32.7802,117.9638,79.66,85,99,14.05,overcast clouds
314,Aklavik,CA,68.2191,-135.0107,71.6,73,75,5.75,smoke
315,Oktyabrskiy,RU,54.4815,53.471,52.32,89,68,3.31,broken clouds
316,Kibala,TD,9.1104,18.3463,76.95,83,40,9.22,thunderstorm
317,Sarangani,PH,5.4033,125.4636,82.96,75,100,11.07,overcast clouds
318,Bengkulu,ID,-3.8004,102.2655,75.65,88,86,4.21,light rain
319,Bathsheba,BB,13.2167,-59.5167,86.61,81,20,14.97,few clouds
320,Nemuro,JP,43.3236,145.575,53.92,99,100,9.53,overcast clouds
321,Northam,GB,51.0333,-4.2167,63.39,91,94,8.37,overcast clouds
322,College,US,64.8569,-147.8028,71.58,71,75,0.0,smoke
323,Sola,VU,-13.8833,167.55,80.15,81,61,22.37,broken clouds
324,Cayenne,GF,4.9333,-52.3333,86.04,7,75,2.3,broken clouds
325,Vryburg,ZA,-26.9566,24.7284,60.13,42,71,9.73,broken clouds
326,Malanje,AO,-9.5402,16.341,66.79,30,9,3.58,clear sky
327,Iqaluit,CA,63.7506,-68.5145,46.13,75,100,4.0,light rain
328,Velikiy Ustyug,RU,60.7644,46.3106,62.51,75,100,4.92,overcast clouds
329,Boende,CD,-0.2167,20.8667,71.49,93,99,1.61,overcast clouds
330,Inhambane,MZ,-23.865,35.3833,60.78,88,20,0.0,few clouds
331,Xining,CN,36.6167,101.7667,55.99,53,0,2.28,clear sky
332,Pokhara,NP,28.2333,83.9833,75.38,91,92,1.83,overcast clouds
333,Sahuaripa,MX,29.05,-109.2333,97.92,26,3,5.32,clear sky
334,Inegol,TR,40.0781,29.5133,69.08,81,0,1.28,clear sky
335,Sitka,US,57.0531,-135.33,57.09,82,75,14.97,broken clouds
336,Vostok,RU,46.4856,135.8833,62.31,97,6,2.95,clear sky
337,Tasiilaq,GL,65.6145,-37.6368,42.96,84,87,3.44,overcast clouds
338,Chumikan,RU,54.7183,135.315,59.63,87,100,3.4,overcast clouds
339,Mlonggo,ID,-6.5333,110.7,77.88,84,98,4.21,overcast clouds
340,Cuervos,MX,32.6314,-114.8556,103.75,15,0,11.16,clear sky
341,Balabac,PH,7.9868,117.0645,80.74,80,100,3.06,light rain
342,Qaqortoq,GL,60.7167,-46.0333,43.81,100,100,5.88,moderate rain
343,Bocana De Paiwas,NI,12.7857,-85.1227,78.15,91,100,10.63,light rain
344,Komsomolskiy,UZ,40.4272,71.7189,72.32,30,0,0.0,clear sky
345,Adre,TD,13.4667,22.2,74.98,73,47,11.23,scattered clouds
346,Kulachi,PK,31.9286,70.4592,100.87,37,9,9.13,clear sky
347,Road Town,VG,18.4167,-64.6167,86.04,66,20,10.36,few clouds
348,Ekhabi,RU,53.5102,142.9671,64.04,80,27,10.98,scattered clouds
349,Vanimo,PG,-2.6741,141.3028,78.04,87,100,2.3,overcast clouds
350,Urumqi,CN,43.801,87.6005,65.35,60,0,2.24,clear sky
351,Ghorawal,IN,24.7667,82.7833,88.9,55,98,5.84,overcast clouds
352,Bata,GQ,1.8639,9.7658,75.81,85,71,2.13,broken clouds
353,San Rafael,AR,-34.6177,-68.3301,61.2,18,5,7.9,clear sky
354,Menongue,AO,-14.6585,17.691,56.95,49,4,4.12,clear sky
355,Santa Cruz,BO,-17.8,-63.1667,89.65,43,40,18.41,scattered clouds
356,Abeche,TD,13.8292,20.8324,79.63,58,95,15.9,overcast clouds
357,Mareeba,AU,-17.0,145.4333,59.43,92,99,2.04,overcast clouds
358,Goderich,CA,43.7501,-81.7165,69.91,83,55,12.66,broken clouds
359,Bara,NG,10.3744,10.7288,80.87,59,78,8.23,broken clouds
360,Lagoa,PT,39.05,-27.9833,65.39,82,100,11.63,overcast clouds
361,Avera,US,33.194,-82.5271,93.25,36,60,3.56,broken clouds
362,Hofn,IS,64.2539,-15.2082,47.66,81,100,3.2,overcast clouds
363,Blyznyuky,UA,48.8578,36.5551,72.37,60,76,6.02,broken clouds
364,Itarema,BR,-2.9248,-39.9167,78.98,67,99,11.1,overcast clouds
365,Kudahuvadhoo,MV,2.6708,72.8944,80.92,82,100,17.27,overcast clouds
366,Erdenet,MN,49.0333,104.0833,48.31,80,3,1.43,clear sky
367,Eureka,US,40.8021,-124.1637,67.68,85,100,1.99,overcast clouds
368,Ossora,RU,59.2353,163.0719,56.34,81,100,1.99,overcast clouds
369,Ilirska Bistrica,SI,45.5697,14.2408,78.46,100,1,5.64,clear sky
370,Mongu,ZM,-15.2484,23.1274,60.37,42,5,4.25,clear sky
371,Lucapa,AO,-8.4192,20.7447,70.72,26,5,3.0,clear sky
372,Mariental,NA,-24.6333,17.9667,58.23,14,0,10.07,clear sky
373,Belyy Yar,RU,53.6039,91.3903,69.69,56,0,17.9,clear sky
374,Tura,IN,25.5198,90.2201,74.3,97,38,4.32,light rain
375,Yarmouth,US,41.7057,-70.2286,73.54,82,100,8.05,overcast clouds
376,Bubaque,GW,11.2833,-15.8333,79.79,79,95,11.52,overcast clouds
377,Hamilton,US,39.1834,-84.5333,91.22,70,75,10.36,thunderstorm
378,Tautira,PF,-17.7333,-149.15,78.87,76,71,19.98,broken clouds
379,Kattivakkam,IN,13.2167,80.3167,82.49,89,100,16.75,moderate rain
380,Guerrero Negro,MX,27.9769,-114.0611,73.06,56,6,15.68,clear sky
381,Albion,US,42.2431,-84.753,86.7,73,75,11.5,broken clouds
382,Keningau,MY,5.3378,116.1602,71.58,99,98,0.98,moderate rain
383,Norman Wells,CA,65.282,-126.8329,77.04,38,40,9.22,smoke
384,Shingu,JP,33.7333,135.9833,76.15,95,100,4.36,overcast clouds
385,Indramayu,ID,-6.3264,108.32,78.55,84,91,5.19,overcast clouds
386,Shimoda,JP,34.6667,138.95,74.1,90,100,1.74,overcast clouds
387,Vao,NC,-22.6667,167.4833,74.28,73,100,15.77,overcast clouds
388,Calolziocorte,IT,45.7954,9.4377,87.58,49,1,5.01,clear sky
389,Ostrovnoy,RU,68.0531,39.5131,61.95,87,93,13.82,moderate rain
390,Tromso,NO,69.6496,18.957,55.42,88,75,21.85,shower rain
391,Bairiki,KI,1.3292,172.9752,80.6,83,40,14.97,scattered clouds
392,Thabazimbi,ZA,-24.5917,27.4116,61.43,47,0,2.77,clear sky
393,Longonjo,AO,-12.9067,15.2533,62.65,35,0,3.96,clear sky
394,Valladolid,ES,41.5833,-4.6667,69.84,68,2,3.0,clear sky
395,Jalu,LY,29.0331,21.5482,83.75,31,0,17.22,clear sky
396,Kavieng,PG,-2.5744,150.7967,81.43,82,100,14.45,light rain
397,Ponta Delgada,PT,37.7333,-25.6667,73.51,82,40,10.36,scattered clouds
398,Krasnyy Luch,UA,48.1395,38.9371,71.98,45,60,7.83,broken clouds
399,Chapais,CA,49.7834,-74.8492,65.98,42,100,5.75,overcast clouds
400,Wittmund,DE,53.5667,7.7833,61.03,75,56,9.46,broken clouds
401,Hualmay,PE,-11.0964,-77.6139,65.52,74,22,10.92,few clouds
402,Clyde River,CA,70.4692,-68.5914,43.03,81,0,6.91,clear sky
403,Pacifica,US,37.6138,-122.4869,79.07,91,75,14.97,mist
404,Nevelsk,RU,46.6733,141.8633,55.99,80,75,3.83,broken clouds
405,Porto Seguro,BR,-16.4497,-39.0647,77.52,69,40,9.22,scattered clouds
406,Banjar,ID,-8.19,114.9675,76.06,90,95,4.68,overcast clouds
407,Pinega,RU,64.7001,43.3936,64.98,89,83,4.12,light rain
408,Tinaquillo,VE,9.9186,-68.3047,86.07,80,99,1.99,overcast clouds
409,Diamantino,BR,-14.4086,-56.4461,91.08,19,1,3.8,clear sky
410,Sabang,ID,5.8933,95.3214,83.43,74,100,16.6,overcast clouds
411,Tara,RU,56.8944,74.371,57.43,99,100,8.84,light rain
412,Boma,GH,7.0805,-2.1697,71.6,98,65,2.71,moderate rain
413,North Bend,US,43.4065,-124.2243,65.86,94,100,3.44,overcast clouds
414,Aksarka,RU,66.5606,67.7975,56.62,96,100,3.53,overcast clouds
415,Half Moon Bay,US,37.4636,-122.4286,79.41,87,100,16.11,mist
416,Upington,ZA,-28.4478,21.2561,52.18,50,0,6.91,clear sky
417,Port Hardy,CA,50.6996,-127.4199,60.98,82,75,4.61,broken clouds
418,Tiksi,RU,71.6872,128.8694,43.79,68,86,5.21,overcast clouds
419,Ancud,CL,-41.8697,-73.8203,42.22,79,100,17.27,light rain
420,Zverinogolovskoye,RU,54.4586,64.8542,47.89,89,34,6.78,scattered clouds
421,Atambua,ID,-9.1061,124.8925,67.71,86,99,6.69,overcast clouds
422,Chinhoyi,ZW,-17.3667,30.2,57.31,56,9,4.41,clear sky
423,Cairo,EG,30.0626,31.2497,86.76,62,0,13.8,clear sky
424,San Cristobal,VE,7.7669,-72.225,84.38,46,14,6.49,few clouds
425,Brodokalmak,RU,55.5748,62.082,47.3,76,93,5.19,overcast clouds
426,Bojnurd,IR,37.4747,57.329,66.15,32,0,4.61,clear sky
427,Kloulklubed,PW,7.0419,134.2556,73.9,72,100,5.99,heavy intensity rain
428,Darhan,MN,49.4867,105.9228,54.05,76,4,4.16,clear sky
429,Santa Comba,ES,43.0331,-8.8093,69.53,79,0,11.3,clear sky
430,Okhotsk,RU,59.3833,143.3,54.75,87,40,3.36,scattered clouds
431,Humaita,BR,-7.5061,-63.0208,83.98,61,100,0.98,overcast clouds
432,Malchin,DE,53.7333,12.7833,62.98,70,31,6.58,scattered clouds
433,Kalevala,RU,65.2,31.1667,63.34,68,49,6.49,scattered clouds
434,Sertania,BR,-8.0736,-37.2644,74.3,66,98,11.32,overcast clouds
435,Shu,KZ,43.5983,73.7614,62.94,58,5,12.12,clear sky
436,Doha,QA,25.2867,51.5333,95.31,64,100,4.61,overcast clouds
437,Dalnerechensk,RU,45.9339,133.7225,65.35,93,7,2.89,clear sky
438,Cascais,PT,38.6979,-9.4215,75.06,69,20,8.05,few clouds
439,Namibe,AO,-15.1961,12.1522,63.82,83,0,6.33,clear sky
440,Porosozero,RU,62.7191,32.727,60.37,85,11,5.95,few clouds
441,Coquimbo,CL,-29.9533,-71.3436,60.53,55,0,13.8,clear sky
442,Predivinsk,RU,57.0669,93.4378,65.91,59,96,8.1,overcast clouds
443,Christchurch,NZ,-43.5333,172.6333,44.47,79,100,2.3,overcast clouds
444,Warri,NG,5.5167,5.75,75.15,94,100,3.4,overcast clouds
445,Garowe,SO,8.4054,48.4845,80.87,49,77,27.4,broken clouds
446,Ginda,IN,30.6945,78.4932,70.11,97,100,1.54,overcast clouds
447,Kotelnich,RU,58.3089,48.348,57.72,77,6,5.41,clear sky
448,Tual,ID,-5.6667,132.75,78.73,79,100,19.24,overcast clouds
449,Waingapu,ID,-9.6567,120.2641,72.21,76,87,9.66,overcast clouds
450,Aykhal,RU,66.0,111.5,55.56,86,98,4.27,overcast clouds
451,Matay,EG,28.419,30.7792,89.87,22,5,12.57,clear sky
452,Andilamena,MG,-17.0167,48.5833,55.8,93,82,8.01,broken clouds
453,Mahebourg,MU,-20.4081,57.7,68.29,73,40,5.75,scattered clouds
454,Deputatskiy,RU,69.3,139.9,41.7,64,95,2.66,overcast clouds
455,Kavaratti,IN,10.5669,72.642,81.86,84,100,21.03,overcast clouds
456,Tshane,BW,-24.0196,21.8684,64.06,32,0,7.63,clear sky
457,Namatanai,PG,-3.6667,152.4333,79.05,83,94,8.72,overcast clouds
458,Comodoro Rivadavia,AR,-45.8667,-67.5,46.26,61,0,20.71,clear sky
459,Arlit,NE,18.7369,7.3853,92.59,31,82,18.05,broken clouds
460,Soe,ID,-9.8607,124.284,57.36,86,47,1.36,scattered clouds
461,Cairns,AU,-16.9167,145.7667,63.07,88,100,8.05,overcast clouds
462,Laurel,US,39.0993,-76.8483,83.61,88,100,5.75,overcast clouds
463,Dzhebariki-Khaya,RU,62.2167,135.8,75.43,70,50,3.24,scattered clouds
464,Kantunilkin,MX,21.0917,-87.45,86.77,68,98,2.51,overcast clouds
465,High Rock,BS,26.6208,-78.2833,86.02,70,33,11.41,scattered clouds
466,Butler,US,39.4501,-84.5666,90.82,70,0,10.36,clear sky
467,Zhezkazgan,KZ,47.8043,67.7144,62.96,62,87,10.38,overcast clouds
468,Sibi,PK,29.5448,67.8764,98.35,44,20,5.28,few clouds
469,Bataipora,BR,-22.2953,-53.2711,80.28,29,100,4.36,overcast clouds
470,Tecoanapa,MX,16.5167,-98.75,84.04,74,97,8.32,overcast clouds
471,Pierre,US,44.3683,-100.351,96.06,48,0,26.46,clear sky
472,Ternate,ID,0.8,127.4,78.1,88,81,6.08,broken clouds
473,Gazanjyk,TM,39.2446,55.5154,75.96,35,0,6.35,clear sky
474,Slave Lake,CA,55.2834,-114.769,64.38,72,100,10.36,overcast clouds
475,Kassala,SD,15.451,36.4,90.55,36,0,6.62,clear sky
476,Katangli,RU,51.7102,143.2326,57.78,84,88,6.04,overcast clouds
477,Pitimbu,BR,-7.4706,-34.8086,81.19,80,51,11.12,broken clouds
478,Eyl,SO,7.9803,49.8164,77.22,77,95,30.18,overcast clouds
479,Husavik,IS,66.0449,-17.3389,43.9,82,68,7.14,broken clouds
480,Csabrendek,HU,47.0136,17.2911,68.85,92,0,9.48,clear sky
481,Mogadishu,SO,2.0371,45.3438,76.89,83,100,18.97,overcast clouds
482,Giresun,TR,40.5,38.5,40.17,95,80,7.25,broken clouds
483,Ypsonas,CY,34.6884,32.9574,76.17,94,0,16.11,clear sky
484,Minab,IR,27.1467,57.0801,93.52,52,100,2.3,overcast clouds
485,Hongjiang,CN,27.11,109.9956,75.99,96,79,3.69,broken clouds
486,Maceio,BR,-9.6658,-35.7353,74.64,83,75,12.66,broken clouds
487,Chkalovskoye,RU,44.8392,133.0436,64.81,96,91,3.24,overcast clouds
488,Savalou,BJ,7.9281,1.9756,73.69,95,74,4.99,moderate rain
489,Neftcala,AZ,39.3742,49.2472,74.89,59,0,11.79,clear sky
490,Boyolangu,ID,-8.1181,111.8935,74.25,95,35,1.88,scattered clouds
491,Ouadda,CF,8.0777,22.4007,68.29,92,100,0.47,overcast clouds
492,Yumen,CN,40.2833,97.2,77.2,17,0,7.96,clear sky
493,Cherdyn,RU,60.403,56.4787,58.53,79,41,4.92,scattered clouds
494,Vitim,RU,59.4511,112.5578,56.07,99,100,2.24,light rain
495,Lompoc,US,34.6391,-120.4579,84.69,74,0,12.66,mist
496,Gorgan,IR,36.8387,54.4348,71.56,64,20,0.0,few clouds
497,San Quintin,MX,30.4833,-115.95,71.53,67,0,17.49,clear sky
498,West Wendover,US,40.7391,-114.0733,85.21,13,0,9.22,clear sky
499,Tumut,AU,-35.3,148.2167,39.43,88,0,5.86,clear sky
500,Burnie,AU,-41.0667,145.9167,46.94,77,98,10.4,overcast clouds
501,Mizan Teferi,ET,6.9833,35.5833,61.95,90,58,2.35,light rain
502,Trelew,AR,-43.249,-65.3051,55.15,28,0,27.07,clear sky
503,Porto Novo,BJ,6.4965,2.6036,78.62,85,76,4.38,broken clouds
504,Mirebalais,HT,18.8333,-72.1053,88.52,47,51,1.54,broken clouds
505,Bekovo,RU,52.4663,43.712,55.36,79,18,6.69,few clouds
506,Male,MV,4.1748,73.5089,84.15,84,75,14.97,light rain
507,Kirakira,SB,-10.4544,161.9205,79.68,80,100,10.63,overcast clouds
508,Lingao,CN,19.9103,109.6859,81.64,84,100,2.57,moderate rain
509,Treinta Y Tres,UY,-33.2333,-54.3833,59.16,78,34,7.54,scattered clouds
510,Camapua,BR,-19.5314,-54.0439,85.41,23,10,1.66,clear sky
511,Toyooka,JP,35.5333,134.8333,74.84,97,90,2.64,overcast clouds
512,Kargasok,RU,59.0556,80.8572,59.92,80,87,10.47,overcast clouds
513,Kualakapuas,ID,-3.0091,114.3876,73.9,96,100,1.68,overcast clouds
514,Stolin,BY,51.8912,26.846,66.92,82,95,5.44,overcast clouds
515,Pinawa,CA,50.1489,-95.8811,78.33,37,100,5.57,overcast clouds
516,Padang,ID,-0.9492,100.3543,78.62,84,69,4.12,broken clouds
517,Haines Junction,CA,60.7522,-137.5108,66.15,55,11,2.3,few clouds
518,Sorland,NO,67.667,12.6934,51.66,83,100,18.34,light rain
519,Paracatu,BR,-17.2222,-46.8747,77.63,31,0,6.67,clear sky
520,Rincon,US,32.296,-81.2354,89.56,67,75,10.36,broken clouds
521,Port Macquarie,AU,-31.4333,152.9167,62.49,100,100,10.36,overcast clouds
522,Greymouth,NZ,-42.4667,171.2,48.24,83,100,2.95,overcast clouds
523,Port Lincoln,AU,-34.7333,135.8667,46.69,76,0,7.9,clear sky
524,Mporokoso,ZM,-9.3727,30.125,56.34,53,15,1.81,few clouds
525,Merauke,ID,-8.4667,140.3333,77.05,88,100,11.83,overcast clouds
526,Vuktyl,RU,63.8567,57.3094,60.13,90,100,3.15,overcast clouds
527,Santa Cruz Cabralia,BR,-16.2781,-39.0247,77.23,69,40,9.22,scattered clouds
528,Poum,NC,-20.2333,164.0167,76.71,81,100,22.77,overcast clouds
529,Neuquen,AR,-38.9516,-68.0591,58.89,33,0,9.22,clear sky
530,Bogande,BF,12.9714,-0.1436,89.37,45,100,7.25,overcast clouds
531,Mexico,PH,15.0646,120.7198,78.51,91,99,2.19,overcast clouds
532,Tiarei,PF,-17.5333,-149.3333,82.42,75,72,18.72,broken clouds
533,Beira,MZ,-19.8436,34.8389,66.78,82,0,5.08,clear sky
534,Axim,GH,4.8699,-2.2405,76.73,87,79,5.97,broken clouds
535,Mercedes,AR,-34.6515,-59.4307,63.03,56,0,7.02,clear sky
536,Prince Rupert,CA,54.3161,-130.3201,59.09,89,100,8.05,overcast clouds
537,Rosa Zarate,EC,0.3333,-79.4667,83.39,64,75,4.99,broken clouds
538,Tavda,RU,58.0425,65.2726,47.01,85,1,3.91,clear sky
539,Labuhan,ID,-6.8844,112.2051,77.56,88,71,5.86,light rain
540,Poso,ID,-1.3959,120.7524,76.01,90,100,2.46,overcast clouds
541,Kochubey,RU,44.3861,46.5825,69.28,58,3,7.56,clear sky
542,Sao Joao Da Ponte,BR,-15.9292,-44.0078,77.56,32,0,0.85,clear sky
543,Meshchovsk,RU,54.3244,35.2808,63.73,91,6,5.59,light rain
544,Barra Do Garcas,BR,-15.89,-52.2567,90.18,23,0,5.75,clear sky
545,Ukiah,US,39.1502,-123.2078,76.44,72,100,10.36,overcast clouds
546,Bajil,YE,15.0584,43.2851,90.97,34,11,11.05,few clouds
547,Port-Gentil,GA,-0.7193,8.7815,75.16,83,100,11.5,overcast clouds
548,Gander,CA,48.9682,-54.5906,69.93,40,40,12.66,scattered clouds
549,Sandpoint,US,48.2766,-116.5533,74.79,52,100,1.01,overcast clouds
550,Sorong,ID,-0.8833,131.25,76.75,92,96,6.76,overcast clouds
551,Hegra,NO,63.4644,11.114,51.71,82,75,9.22,light intensity drizzle
552,Marienburg,PL,54.0359,19.0266,64.11,76,100,4.07,overcast clouds
553,Vila Franca Do Campo,PT,37.7167,-25.4333,66.61,77,98,6.73,overcast clouds
554,Kiruna,SE,67.8557,20.2251,54.52,82,100,11.5,overcast clouds
555,Lodja,CD,-3.4833,23.4333,81.72,28,100,0.83,overcast clouds
556,Port Blair,IN,11.6667,92.75,81.28,84,100,14.79,overcast clouds
557,Klaeng,TH,12.7797,101.6483,83.95,100,100,2.91,moderate rain
558,Santa Maria,BR,-29.6842,-53.8069,74.5,69,0,4.61,clear sky
559,Pringsewu,ID,-5.3582,104.9744,73.09,97,80,2.48,broken clouds
560,Tongren,CN,27.7172,109.1853,76.32,95,10,2.91,clear sky
561,General Roca,AR,-39.0333,-67.5833,59.63,34,100,17.85,overcast clouds
562,Babu,CN,24.4167,111.5167,76.23,98,100,2.75,overcast clouds
563,Novoseleznevo,RU,55.6821,69.2056,53.42,89,100,10.54,overcast clouds
564,Bandar-E Lengeh,IR,26.5579,54.8807,90.9,65,100,12.41,overcast clouds
565,Tonj,SS,7.2737,28.6822,70.21,95,29,5.03,scattered clouds
566,Sao Felix Do Xingu,BR,-6.6447,-51.995,90.32,36,65,4.38,broken clouds
567,Ilulissat,GL,69.2167,-51.1,53.62,66,20,9.22,few clouds
568,Oksbol,DK,55.6268,8.2876,56.91,83,66,16.28,broken clouds
569,Sept-Iles,CA,50.2001,-66.3821,73.92,31,40,17.27,scattered clouds
570,Howard Springs,AU,-12.497,131.047,60.71,55,82,6.71,broken clouds
571,Meulaboh,ID,4.1363,96.1285,77.14,84,100,3.4,overcast clouds
572,Sao Joao Da Barra,BR,-21.6403,-41.0511,78.89,77,0,16.17,clear sky
573,Erzin,TR,36.9559,36.2,74.43,79,0,2.15,clear sky
574,Acari,PE,-15.4311,-74.6158,68.83,63,87,9.08,overcast clouds
575,Zhanaozen,KZ,43.3,52.8,69.82,40,0,13.98,clear sky
576,Wamba,NG,8.9333,8.6,73.72,85,8,2.75,clear sky
577,Nhamunda,BR,-2.1861,-56.7131,86.2,64,69,3.13,broken clouds
578,Iquitos,PE,-3.7481,-73.2472,84.24,70,75,2.3,broken clouds
579,Laon,FR,49.5667,3.6667,64.65,50,49,12.35,scattered clouds
580,Marsh Harbour,BS,26.5412,-77.0636,83.43,72,44,11.74,scattered clouds
581,Honiara,SB,-9.4333,159.95,77.07,84,100,8.08,overcast clouds
582,Margate,GB,51.3813,1.3862,68.11,64,97,1.99,overcast clouds
583,West Bay,KY,19.3667,-81.4167,86.07,79,40,8.05,scattered clouds
584,Okha,RU,53.5739,142.9478,63.1,81,24,10.36,few clouds
585,Muzhi,RU,65.3667,64.6667,57.09,91,22,4.41,few clouds
586,Jucuaran,SV,13.2539,-88.2478,86.45,80,97,3.85,overcast clouds
587,Kadiri,IN,14.1167,78.1667,74.66,79,100,17.29,heavy intensity rain
588,Singleton,AU,-32.5667,151.1833,58.91,86,100,3.0,light rain
589,Fortuna,US,40.5982,-124.1573,66.92,92,100,0.0,overcast clouds
590,Tarsus,TR,36.9188,34.8784,78.67,72,0,2.93,clear sky
591,Two Rivers,US,44.1539,-87.5693,80.87,84,75,9.22,broken clouds
592,Heinola,FI,61.2056,26.0381,62.01,67,9,7.54,clear sky
593,Healesville,AU,-37.65,145.5167,42.89,90,1,2.84,clear sky
594,Ahipara,NZ,-35.1667,173.1667,60.04,98,100,5.1,heavy intensity rain
595,Klobuck,PL,50.9008,18.9367,63.25,98,100,7.25,light rain
596,Morondava,MG,-20.2833,44.2833,69.55,75,0,10.94,clear sky
597,Turukhansk,RU,65.8167,87.9833,52.38,61,76,3.4,broken clouds
598,Yamada,JP,39.4667,141.95,69.15,96,0,3.02,clear sky
599,Rocha,UY,-34.4833,-54.3333,53.19,88,29,7.78,scattered clouds
600,Sompeta,IN,18.9333,84.6,81.41,85,100,5.75,overcast clouds
601,Torbay,CA,47.6666,-52.7314,70.57,48,20,23.02,few clouds
602,Palmeiras De Goias,BR,-16.805,-49.9258,82.65,26,0,4.81,clear sky
603,Chake Chake,TZ,-5.2459,39.7666,73.54,79,95,10.51,overcast clouds
604,Kauhajoki,FI,62.4333,22.1833,60.78,81,6,5.03,clear sky
605,Shenjiamen,CN,29.9576,122.298,79.81,88,46,29.26,scattered clouds
606,Ixtapa,MX,20.7,-105.2,87.22,70,100,3.44,overcast clouds
607,Bello,CO,6.3373,-75.558,86.07,42,75,13.8,broken clouds
608,Saint-Joseph,RE,-21.3667,55.6167,64.78,76,52,11.07,broken clouds
609,Zyryanovsk,KZ,49.7386,84.2719,56.7,78,97,3.49,overcast clouds
610,Najran,SA,17.4924,44.1277,90.25,41,85,8.66,overcast clouds
611,Sovetskoye,RU,52.2861,85.4131,55.94,85,63,8.1,broken clouds
612,Nouakchott,MR,18.0858,-15.9785,76.93,80,5,13.8,clear sky
613,Narodychi,UA,51.2029,29.0823,67.71,84,64,6.67,broken clouds
614,Goure,NE,13.9835,10.2704,90.01,31,4,6.08,clear sky
615,Sioux Lookout,CA,50.1001,-91.917,71.67,56,75,5.75,broken clouds
616,Manoel Urbano,BR,-8.8389,-69.2597,84.6,58,100,2.17,overcast clouds
617,Say,NE,13.1007,2.3689,93.76,35,44,1.74,scattered clouds
618,Itupiranga,BR,-5.1347,-49.3267,91.72,50,42,4.12,scattered clouds
619,Martapura,ID,-3.4167,114.85,75.29,100,100,0.0,overcast clouds
620,Xifeng,CN,42.7372,124.7222,71.04,92,8,3.11,clear sky
621,Magrath,CA,49.4167,-112.8686,68.2,45,100,13.8,overcast clouds
622,Imeni Zhelyabova,RU,58.9544,36.5956,63.75,93,10,5.1,clear sky
623,Lenine,UA,45.2986,35.7771,74.46,53,0,5.19,clear sky
624,Jhawarian,PK,32.3614,72.6228,99.7,40,98,7.09,overcast clouds
625,Tessalit,ML,20.1986,1.0114,100.13,8,38,5.26,scattered clouds
626,Marawi,PH,7.9986,124.2928,69.33,94,100,2.86,overcast clouds
627,Jackson,US,42.4165,-122.8345,76.01,67,100,7.0,overcast clouds
628,Voznesenye,RU,61.0106,35.4781,62.55,94,7,6.76,clear sky
629,Grenfell,AU,-33.9,148.1667,47.44,81,2,13.94,clear sky
630,Oga,IT,46.4631,10.347,61.48,82,18,6.42,few clouds
631,Tilichiki,RU,60.4667,166.1,49.32,93,100,1.7,overcast clouds
632,Kortkeros,RU,61.8106,51.5806,68.18,69,36,5.48,scattered clouds
633,Grindavik,IS,63.8424,-22.4338,53.55,93,100,8.05,overcast clouds
634,Kalyazin,RU,57.2403,37.8433,65.01,99,100,4.88,light rain
635,Encruzilhada,BR,-15.5314,-40.9094,67.89,74,84,3.89,broken clouds
636,Xai-Xai,MZ,-25.0519,33.6442,63.39,84,0,7.18,clear sky
637,Lithakia,GR,37.7167,20.8333,85.28,58,20,3.44,few clouds
638,Riyadh,SA,24.6877,46.7219,96.94,10,33,11.12,scattered clouds
639,Jardim,BR,-21.4803,-56.1381,87.13,23,100,5.5,overcast clouds
640,Tongling,CN,30.95,117.7833,77.95,91,100,4.81,overcast clouds
641,Viedma,AR,-40.8135,-62.9967,57.0,26,100,20.4,overcast clouds
642,Voi,KE,-3.3945,38.563,68.45,81,55,11.74,broken clouds
643,Iwanai,JP,42.9744,140.5089,69.06,96,52,3.02,broken clouds
644,Lahad Datu,MY,5.0268,118.327,77.09,91,95,3.62,overcast clouds
645,Arroio Grande,BR,-32.2375,-53.0869,56.52,96,100,3.2,overcast clouds
646,Zainsk,RU,55.3195,52.0694,61.79,86,26,4.05,scattered clouds
647,Coracao De Jesus,BR,-16.6853,-44.365,76.53,32,0,4.92,clear sky
648,Zhigansk,RU,66.7697,123.3711,47.34,72,100,17.52,overcast clouds
649,Suleja,NG,9.1758,7.1808,77.99,93,79,0.98,broken clouds
650,Bani,DO,18.2833,-70.3333,89.04,62,5,11.72,clear sky
651,Sao Joao Do Piaui,BR,-8.3581,-42.2467,86.88,34,14,8.12,few clouds
652,Ler,SS,8.3018,30.1418,73.65,85,48,1.61,light rain
653,Coahuayana,MX,18.7333,-103.6833,89.82,62,62,6.42,broken clouds
654,Jalingo,NG,8.8833,11.3667,75.92,79,81,4.61,broken clouds
655,Nhulunbuy,AU,-12.2333,136.7667,68.61,68,75,11.5,broken clouds
656,Angoche,MZ,-16.2325,39.9086,71.37,74,0,7.45,clear sky
657,Derzhavinsk,KZ,51.1,66.3167,54.0,80,96,3.76,overcast clouds
658,Neiafu,TO,-18.65,-173.9833,75.88,69,75,6.91,broken clouds
659,Lepaterique,HN,14.0667,-87.4667,69.4,72,90,5.32,overcast clouds
660,Baherden,TM,38.4362,57.4316,78.67,26,0,4.7,clear sky
661,Mateare,NI,12.2351,-86.4281,84.18,76,98,10.16,overcast clouds
662,Asfi,MA,32.2994,-9.2372,69.66,76,0,18.41,clear sky
663,Terrak,NO,65.087,12.3715,49.87,87,100,6.89,overcast clouds
664,Soyo,AO,-6.1349,12.3689,70.56,86,69,10.13,broken clouds
665,Nelson Bay,AU,-32.7167,152.15,64.0,97,100,18.01,moderate rain
666,Chimbote,PE,-9.0853,-78.5783,66.31,73,3,12.03,clear sky
667,Gondar,ET,12.6,37.4667,58.6,88,53,3.09,light rain
668,Quesnel,CA,52.9999,-122.5029,63.1,72,100,11.5,overcast clouds
669,Puerto Armuelles,PA,8.2833,-82.8667,84.18,89,100,4.54,overcast clouds
670,Green River,US,41.5286,-109.4662,87.98,21,28,3.0,scattered clouds
671,Kelso,US,46.1468,-122.9084,71.71,63,100,4.61,overcast clouds
672,Teruel,ES,40.6667,-0.6667,61.83,72,100,6.55,light rain
673,Lugovoy,KZ,42.9472,72.7644,65.07,44,1,8.03,clear sky
674,Kutum,SD,14.2,24.6667,82.81,33,40,4.45,scattered clouds
675,Salta,AR,-24.7859,-65.4117,63.19,61,0,4.61,clear sky
676,San Julian,MX,21.0167,-102.1667,75.02,45,100,3.02,overcast clouds
677,Dong Hoi,VN,17.4833,106.6,82.47,77,100,6.26,overcast clouds
678,Richards Bay,ZA,-28.783,32.0377,66.83,79,0,9.73,clear sky
679,Linfen,CN,36.0889,111.5189,79.74,59,25,3.71,scattered clouds
680,Kholtoson,RU,50.2981,103.3097,45.39,90,5,2.91,clear sky
681,Sosnogorsk,RU,63.6023,53.8817,65.12,66,90,4.21,overcast clouds
